from,to,connectivite,similarite
DEM,ECOLO,1,0.838028169014084
DEM,GDR-NUPES,0.959459459459459,1
DEM,HOR,0.9925,1
DEM,LFI-NUPES,0.988250652741514,0.742819843342037
DEM,LIOT,1,0.529411764705882
DEM,LR,1,1
DEM,NI,1,1
DEM,RE,0.991129509166174,1
DEM,RN,0.989421720733427,0.71509167842031
DEM,SOC,1,1
ECOLO,GDR-NUPES,1,1
ECOLO,HOR,1,0.833333333333333
ECOLO,LFI-NUPES,1,1
ECOLO,LIOT,1,0.75
ECOLO,LR,1,0.880952380952381
ECOLO,NI,1,0.833333333333333
ECOLO,RE,1,0.80952380952381
ECOLO,RN,1,0.796875
ECOLO,SOC,1,0.916666666666667
GDR-NUPES,HOR,0.833333333333333,1
GDR-NUPES,LFI-NUPES,0.863636363636364,1
GDR-NUPES,LIOT,0.5,1
GDR-NUPES,LR,0.9,1
GDR-NUPES,NI,1,1
GDR-NUPES,RE,0.886363636363636,1
GDR-NUPES,RN,0.861111111111111,1
GDR-NUPES,SOC,0.833333333333333,1
HOR,LFI-NUPES,0.974576271186441,0.807909604519774
HOR,LIOT,0.833333333333333,0.333333333333333
HOR,LR,0.979166666666667,1
HOR,NI,1,1
HOR,RE,0.954356846473029,1
HOR,RN,0.959770114942529,0.75095785440613
HOR,SOC,0.928571428571429,1
LFI-NUPES,LIOT,0.8125,0.375
LFI-NUPES,LR,0.969387755102041,0.840136054421769
LFI-NUPES,NI,1,0.742424242424242
LFI-NUPES,RE,0.961945031712474,0.749119097956307
LFI-NUPES,RN,0.982658959537572,0.719653179190751
LFI-NUPES,SOC,0.916666666666667,0.722222222222222
LIOT,LR,1,0.5
LIOT,NI,1,0.5
LIOT,RE,0.864864864864865,0.486486486486487
LIOT,RN,0.861111111111111,0.972222222222222
LIOT,SOC,1,0.833333333333333
LR,NI,1,1
LR,RE,0.974226804123711,1
LR,RN,0.965277777777778,0.796296296296296
LR,SOC,1,1
NI,RE,1,1
NI,RN,1,0.706349206349206
NI,SOC,1,1
RE,RN,0.956354300385109,0.723577235772358
RE,SOC,0.946236559139785,1
RN,SOC,0.9375,0.7875
